Ano,Mês,Data,Bairro
2013,Julho,25/7/2013,Macaxeira
2013,Julho,25/7/2013,Afogados
2014,Janeiro,9/1/2014,Linha do Tiro
2014,Janeiro,14/1/2014,Brejo da Guabiraba
2014,Janeiro,14/1/2014,Brejo da Guabiraba
2014,Janeiro,14/1/2014,Brejo da Guabiraba
2014,Janeiro,14/1/2014,Brejo da Guabiraba
2014,Janeiro,14/1/2014,Brejo da Guabiraba
2014,Janeiro,14/1/2014,Brejo da Guabiraba
2014,Janeiro,14/1/2014,Brejo da Guabiraba
2014,Janeiro,15/1/2014,Brejo da Guabiraba
2014,Janeiro,15/1/2014,Brejo da Guabiraba
2014,Janeiro,15/1/2014,Brejo da Guabiraba
2014,Janeiro,15/1/2014,Brejo da Guabiraba
2014,Janeiro,15/1/2014,Brejo da Guabiraba
2014,Janeiro,15/1/2014,Brejo da Guabiraba
2014,Janeiro,15/1/2014,Brejo da Guabiraba
2014,Janeiro,15/1/2014,Brejo da Guabiraba
2014,Janeiro,15/1/2014,Brejo da Guabiraba
2014,Janeiro,15/1/2014,Brejo da Guabiraba
2014,Janeiro,15/1/2014,Brejo da Guabiraba
2014,Janeiro,15/1/2014,Brejo da Guabiraba
2014,Janeiro,15/1/2014,Brejo da Guabiraba
2014,Fevereiro,6/2/2014,Areias
2014,Fevereiro,6/2/2014,Areias 
2014,Fevereiro,6/2/2014,Areias
2014,Fevereiro,6/2/2014,Areias
2014,Fevereiro,6/2/2014,Areias
2014,Fevereiro,6/2/2014,Areias
2014,Fevereiro,6/2/2014,Areias
2014,Fevereiro,15/2/2014,Água Fria
2014,Março,17/3/2014,Jd. São Paulo
2014,Março,17/3/2014,Jd. São Paulo
2014,Março,17/3/2014,Jd. São Paulo
2014,Março,17/3/2014,Jd. São Paulo
2014,Março,19/3/2014,Jd. São Paulo
2014,Março,20/3/2014,Jd. São Paulo
2014,Março,20/3/2014,Jd. São Paulo
2014,Março,20/3/2014,Jd. São Paulo
2014,Março,20/3/2014,Jd. São Paulo
2014,Março,20/3/2014,Jd. São Paulo
2014,Março,20/3/2014,Jd. São Paulo
2014,Março,20/3/2014,Jd. São Paulo
2014,Abril,1/4/2014,San Martin
2014,Abril,1/4/2014,San Martin
2014,Abril,1/4/2014,San Martin
2014,Abril,1/4/2014,San Martin
2014,Abril,1/4/2014,San Martin
2014,Abril,1/4/2014,San Martin
2014,Abril,1/4/2014,San Martin
2014,Abril,3/4/2014,San Martin
2014,Abril,3/4/2014,Estância
2014,Abril,3/4/2014,Estância
2014,Abril,3/4/2014,San Martin
2014,Abril,3/4/2014,San Martin
2014,Abril,3/4/2014,San Martin
2014,Abril,3/4/2014,Jd. São Paulo
2014,Abril,7/4/2014,Curado
2014,Abril,7/4/2014,Curado
2014,Abril,8/4/2014,Jd. São Paulo
2014,Abril,8/4/2014,Jd. São Paulo
2014,Abril,8/4/2014,Jd. São Paulo
2014,Abril,8/4/2014,Jd. São Paulo
2014,Abril,8/4/2014,Jd. São Paulo
2014,Abril,8/4/2014,Jd. São Paulo
2014,Abril,8/4/2014,Jd. São Paulo
2014,Abril,8/4/2014,Jd. São Paulo
2014,Abril,10/4/2014,Jd. São Paulo
2014,Abril,10/4/2014,Jd. São Paulo
2014,Abril,10/4/2014,Jd. São Paulo
2014,Abril,10/4/2014,Jd. São Paulo
2014,Abril,10/4/2014,Jd. São Paulo
2014,Abril,10/4/2014,Jd. São Paulo
2014,Abril,10/4/2014,Jd. São Paulo
2014,Abril,10/4/2014,Jd. São Paulo
2014,Abril,10/4/2014,Jd. São Paulo
2014,Abril,10/4/2014,Jd. São Paulo
2014,Abril,10/4/2014,Jd. São Paulo
2014,Abril,10/4/2014,Jd. São Paulo
2014,Abril,15/4/2014,Ibura de Baixo
2014,Abril,15/4/2014,Ibura de Baixo
2014,Abril,15/4/2014,Ibura de Baixo
2014,Abril,15/4/2014,Ibura de Baixo
2014,Abril,15/4/2014,Ibura de Baixo
2014,Abril,15/4/2014,Ibura de Baixo
2014,Abril,15/4/2014,Ibura de Baixo
2014,Abril,16/4/2014,Estância
2014,Abril,16/4/2014,Estância
2014,Abril,16/4/2014,Estância
2014,Abril,16/4/2014,Areias
2014,Abril,16/4/2014,Areias
2014,Abril,22/4/2014,Jd. São Paulo
2014,Abril,22/4/2014,Barro
2014,Abril,22/4/2014,Guabiraba
2014,Abril,22/4/2014,Guabiraba
2014,Abril,30/4/2014,Campina do Barreto
2014,Abril,30/4/2014,Campina do Barreto
2014,Abril,30/4/2014,Campina do Barreto
2014,Abril,30/4/2014,Campina do Barreto
2014,Abril,30/4/2014,Campina do Barreto
2014,Abril,30/4/2014,Campina do Barreto
2014,Abril,30/4/2014,Campina do Barreto
2014,Abril,30/4/2014,
2014,Abril,30/4/2014,Campina do Barreto
2014,Abril,30/4/2014,Campina do Barreto
2014,Abril,30/4/2014,Campina do Barreto
2014,Abril,30/4/2014,Campina do Barreto
2014,Abril,30/4/2014,Campina do Barreto
2014,Abril,30/4/2014,Campina do Barreto
2014,Abril,30/4/2014,Campina do Barreto
2014,Abril,30/4/2014,Campina do Barreto
2014,Abril,30/4/2014,Campina do Barreto
2014,Abril,30/4/2014,Campina do Barreto
2014,Abril,30/4/2014,Campina do Barreto
2014,Abril,30/4/2014,Campina do Barreto
2014,Abril,30/4/2014,Campina do Barreto
2014,Abril,30/4/2014,Campina do Barreto
2014,Abril,30/4/2014,Campina do Barreto
2014,Abril,30/4/2014,Campina do Barreto
2014,Abril,30/4/2014,Campina do Barreto
2014,Abril,30/4/2014,Campina do Barreto
2014,Abril,30/4/2014,Campina do Barreto
2014,Abril,30/4/2014,Campina do Barreto
2014,Abril,30/4/2014,Campina do Barreto
2014,Abril,30/4/2014,Campina do Barreto
2014,Abril,30/4/2014,Campina do Barreto
2014,Abril,30/4/2014,Campina do Barreto
2014,Abril,30/4/2014,Campina do Barreto
2014,Abril,30/4/2014,Campina do Barreto
2014,Abril,30/4/2014,Campina do Barreto
2014,Abril,30/4/2014,Campina do Barreto
2014,Abril,30/4/2014,Campina do Barreto
2014,Abril,30/4/2014,Campina do Barreto
2014,Abril,30/4/2014,Campina do Barreto
2014,Abril,30/4/2014,Campina do Barreto
2014,Abril,30/4/2014,Campina do Barreto
2014,Abril,30/4/2014,Campina do Barreto
2014,Abril,30/4/2014,Campina do Barreto
2014,Abril,30/4/2014,Campina do Barreto
2014,Abril,30/4/2014,Campina do Barreto
2014,Abril,30/4/2014,Campina do Barreto
2014,Abril,30/4/2014,Campina do Barreto
2014,Abril,30/4/2014,Campina do Barreto
2014,Abril,30/4/2014,Campina do Barreto
2014,Abril,30/4/2014,Campina do Barreto
2014,Abril,30/4/2014,Campina do Barreto
2014,Abril,30/4/2014,Campina do Barreto
2014,Abril,30/4/2014,Campina do Barreto
2014,Abril,30/4/2014,Campina do Barreto
2014,Abril,30/4/2014,Campina do Barreto
2014,Abril,30/4/2014,Campina do Barreto
2014,Abril,30/4/2014,Campina do Barreto
2014,Abril,30/4/2014,Campina do Barreto
2014,Abril,30/4/2014,Campina do Barreto
2014,Abril,30/4/2014,Campina do Barreto
2014,Abril,30/4/2014,Linha do Tiro
2014,Abril,30/4/2014,Linha do Tiro
2014,Abril,30/4/2014,Linha do Tiro
2014,Abril,30/4/2014,Linha do Tiro
2014,Abril,30/4/2014,Linha do Tiro
2014,Abril,30/4/2014,Linha do Tiro
2014,Abril,30/4/2014,Linha do Tiro
2014,Abril,30/4/2014,Campina do Barreto
2014,Abril,30/4/2014,Campina do Barreto
2014,Abril,30/4/2014,Campina do Barreto
2014,Abril,30/4/2014,Linha do Tiro
2014,Abril,30/4/2014,Linha do Tiro
2014,Abril,30/4/2014,Linha do Tiro
2014,Abril,30/4/2014,Linha do Tiro
2014,Maio,6/5/2014,Linha do Tiro
2014,Maio,12/5/2014,Várzea
2014,Maio,12/5/2014,Várzea
2014,Maio,12/5/2014,Várzea
2014,Maio,12/5/2014,Várzea
2014,Maio,12/5/2014,Várzea
2014,Maio,13/5/2014,Várzea
2014,Maio,13/5/2014,Várzea
2014,Maio,14/5/2014,Várzea
2014,Maio,14/5/2014,Várzea
2014,Maio,14/5/2014,Várzea
2014,Maio,14/5/2014,Várzea
2014,Maio,14/5/2014,Caxangá
2014,Maio,14/5/2014,Caxangá
2014,Maio,14/5/2014,Caxangá
2014,Maio,15/5/2014,Apipucos
2014,Maio,22/5/2014,Porto da Madeira
2014,Maio,22/5/2014,Beberibe
2014,Maio,22/5/2014,Beberibe
2014,Maio,22/5/2014,Beberibe
2014,Maio,22/5/2014,Beberibe
2014,Maio,22/5/2014,Cajueiro
2014,Maio,29/5/2014,Linha do Tiro
2014,Maio,29/5/2014,Linha do Tiro
2014,Maio,29/5/2014,Linha do Tiro
2014,Maio,29/5/2014,Linha do Tiro
2014,Maio,29/5/2014,Linha do Tiro
2014,Maio,29/5/2014,Linha do Tiro
2014,Maio,29/5/2014,Linha do Tiro
2014,Maio,29/5/2014,Linha do Tiro
2014,Maio,29/5/2014,Linha do Tiro
2014,Maio,29/5/2014,Linha do Tiro
2014,Maio,29/5/2014,Linha do Tiro
2014,Maio,29/5/2014,Linha do Tiro
2014,Maio,29/5/2014,Linha do Tiro
2014,Maio,29/5/2014,Linha do Tiro
2014,Maio,29/5/2014,Linha do Tiro
2014,Maio,29/5/2014,Linha do Tiro
2014,Maio,29/5/2014,Linha do Tiro
2014,Maio,29/5/2014,Linha do Tiro
2014,Maio,29/5/2014,Linha do Tiro
2014,Maio,29/5/2014,Linha do Tiro
2014,Maio,29/5/2014,Linha do Tiro
2014,Maio,29/5/2014,Linha do Tiro
2014,Maio,29/5/2014,Linha do Tiro
2014,Maio,29/5/2014,Linha do Tiro
2014,Maio,29/5/2014,Linha do Tiro
2014,Maio,29/5/2014,Linha do Tiro
2014,Maio,29/5/2014,Linha do Tiro
2014,Maio,29/5/2014,Linha do Tiro
2014,Maio,29/5/2014,Linha do Tiro
2014,Maio,29/5/2014,Linha do Tiro
2014,Maio,29/5/2014,Linha do Tiro
2014,Maio,29/5/2014,Linha do Tiro
2014,Maio,29/5/2014,Linha do Tiro
2014,Maio,29/5/2014,Linha do Tiro
2014,Maio,29/5/2014,Linha do Tiro
2014,Maio,29/5/2014,Linha do Tiro
2014,Maio,29/5/2014,Linha do Tiro
2014,Maio,29/5/2014,Linha do Tiro
2014,Maio,29/5/2014,Linha do Tiro
2014,Maio,29/5/2014,Linha do Tiro
2014,Maio,29/5/2014,Linha do Tiro
2014,Maio,29/5/2014,Linha do Tiro
2014,Maio,29/5/2014,Linha do Tiro
2014,Maio,29/5/2014,Linha do Tiro
2014,Maio,29/5/2014,Linha do Tiro
2014,Maio,29/5/2014,Linha do Tiro
2014,Maio,29/5/2014,Linha do Tiro
2014,Maio,29/5/2014,Linha do Tiro
2014,Maio,29/5/2014,Linha do Tiro
2014,Maio,29/5/2014,Linha do Tiro
2014,Maio,29/5/2014,Linha do Tiro
2014,Maio,29/5/2014,Linha do Tiro
2014,Maio,29/5/2014,Linha do Tiro
2014,Maio,29/5/2014,Linha do Tiro
2014,Maio,29/5/2014,Linha do Tiro
2014,Maio,29/5/2014,Linha do Tiro
2014,Maio,29/5/2014,Linha do Tiro
2014,Maio,29/5/2014,Linha do Tiro
2014,Maio,29/5/2014,Linha do Tiro
2014,Maio,29/5/2014,Linha do Tiro
2014,Maio,29/5/2014,Linha do Tiro
2014,Maio,29/5/2014,Linha do Tiro
2014,Maio,29/5/2014,Linha do Tiro
2014,Maio,29/5/2014,Linha do Tiro
2014,Maio,29/5/2014,Linha do Tiro
2014,Maio,29/5/2014,Linha do Tiro
2014,Maio,29/5/2014,Linha do Tiro
2014,Maio,29/5/2014,Linha do Tiro
2014,Maio,29/5/2014,Linha do Tiro
2014,Maio,29/5/2014,Linha do Tiro
2014,Junho,3/6/2014,Casa Forte
2014,Junho,3/6/2014,Casa Forte
2014,Junho,3/6/2014,Casa Forte
2014,Junho,3/6/2014,Casa Forte
2014,Junho,3/6/2014,Casa Forte
2014,Junho,3/6/2014,Casa Forte
2014,Junho,3/6/2014,Casa Forte
2014,Junho,3/6/2014,Casa Forte
2014,Junho,5/6/2014,Casa Forte
2014,Junho,5/6/2014,Casa Forte
2014,Junho,5/6/2014,Casa Forte
2014,Junho,5/6/2014,Casa Forte
2014,Junho,5/6/2014,Casa Forte
2014,Junho,6/6/2014,Casa Forte
2014,Junho,6/6/2014,Casa Forte
2014,Junho,6/6/2014,Iputinga
2014,Junho,6/6/2014,Iputinga
2014,Junho,6/6/2014,Iputinga
2014,Junho,26/6/2014,Totó
2014,Junho,26/6/2014,Várzea
2014,Junho,26/6/2014,Caxangá
2014,Junho,26/6/2014,Várzea
2014,Junho,26/6/2014,Jd. São Paulo
2014,Junho,26/6/2014,Campina do Barreto
2014,Junho,26/6/2014,Linha do Tiro
2014,Junho,26/6/2014,Ibura de Baixo
2014,Junho,27/6/2014,Ibura de Baixo
2014,Junho,27/6/2014,Ibura de Baixo
2014,Junho,27/6/2014,Ibura de Baixo
2014,Junho,27/6/2014,Ibura de Baixo
2014,Junho,27/6/2014,Ibura de Baixo
2014,Junho,27/6/2014,Ibura de Baixo
2014,Junho,27/6/2014,Ibura de Baixo
2014,Junho,27/6/2014,Ibura de Baixo
2014,Junho,27/6/2014,Ibura de Baixo
2014,Junho,27/6/2014,Ibura de Baixo
2014,Junho,27/6/2014,Ibura de Baixo
2014,Junho,27/6/2014,Ibura de Baixo
2014,Julho,2/7/2014,Ibura
2014,Julho,13/7/2014,Ipsep
2014,Julho,13/7/2014,Ipsep
2014,Julho,13/7/2014,Ipsep
2014,Julho,13/7/2014,Jd. São Paulo
2014,Julho,13/7/2014,Curado
2014,Julho,13/7/2014,Ibura
2014,Julho,13/7/2014,Linha do Tiro
2014,Julho,13/7/2014,Campina do Barreto
2014,Julho,13/7/2014,Ibura
2014,Julho,14/7/2014,Areias
2014,Julho,14/7/2014,Jd. São Paulo
2014,Agosto,20/8/2014,Guabiraba
2014,Agosto,20/8/2014,Guabiraba
2014,Agosto,20/8/2014,Guabiraba
2014,Agosto,20/8/2014,Guabiraba
2014,Agosto,20/8/2014,Guabiraba
2014,Setembro,8/9/2014,Porto da Madeira
2014,Setembro,8/9/2014,Ibura de Baixo
2014,Setembro,8/9/2014,Areias
2014,Setembro,8/9/2014,Ibura de Baixo
2014,Setembro,8/9/2014,Linha do Tiro
2014,Setembro,8/9/2014,Porto da Madeira
2014,Setembro,8/9/2014,Campina do Barreto
2014,Setembro,8/9/2014,Campina do Barreto
2014,Setembro,8/9/2014,Campina do Barreto
2014,Setembro,8/9/2014,Campina do Barreto
2014,Setembro,8/9/2014,Jd. São Paulo
2014,Setembro,9/9/2014,Torre
2014,Outubro,21/10/2014,Ibura de Baixo
2014,Outubro,21/10/2014,Ibura de Baixo
2014,Outubro,21/10/2014,Ibura de Baixo
2014,Outubro,21/10/2014,Ibura de Baixo
2014,Outubro,21/10/2014,Ibura de Baixo
2014,Outubro,23/10/2014,Ibura de Baixo
2014,Outubro,23/10/2014,Ibura de Baixo
2014,Outubro,23/10/2014,Ibura de Baixo
2014,Outubro,23/10/2014,Ibura de Baixo
2014,Outubro,23/10/2014,Ibura de Baixo
2014,Outubro,23/10/2014,Ibura de Baixo
2014,Outubro,23/10/2014,Ibura de Baixo
2014,Outubro,23/10/2014,Ibura de Baixo
2014,Outubro,23/10/2014,Ibura de Baixo
2015,Março,6/3/2015,Linha do Tiro
2015,Março,6/3/2015,Linha do Tiro
2015,Março,6/3/2015,Linha do Tiro
2015,Março,6/3/2015,Linha do Tiro
2015,Março,6/3/2015,Linha do Tiro
2015,Março,6/3/2015,Linha do Tiro
2015,Março,6/3/2015,Linha do Tiro
2015,Março,6/3/2015,Linha do Tiro
2015,Março,6/3/2015,Linha do Tiro
2015,Março,6/3/2015,Linha do Tiro
2015,Março,6/3/2015,Linha do Tiro
2015,Março,6/3/2015,Linha do Tiro
2015,Março,6/3/2015,Linha do Tiro
2015,Março,6/3/2015,Linha do Tiro
2015,Março,6/3/2015,Linha do Tiro
2015,Março,6/3/2015,Linha do Tiro
2015,Março,6/3/2015,Linha do Tiro
2015,Março,6/3/2015,Linha do Tiro
2015,Março,6/3/2015,Linha do Tiro
2015,Março,6/3/2015,Linha do Tiro
2015,Março,6/3/2015,Linha do Tiro
2015,Março,6/3/2015,Linha do Tiro
2015,Março,6/3/2015,Linha do Tiro
2015,Março,6/3/2015,Linha do Tiro
2015,Março,6/3/2015,Linha do Tiro
2015,Março,6/3/2015,Linha do Tiro
2015,Março,6/3/2015,Linha do Tiro
2015,Março,6/3/2015,Linha do Tiro
2015,Março,6/3/2015,Linha do Tiro
2015,Março,6/3/2015,Linha do Tiro
2015,Março,6/3/2015,Linha do Tiro
2015,Março,6/3/2015,Linha do Tiro
2015,Março,6/3/2015,Linha do Tiro
2015,Março,6/3/2015,Linha do Tiro
2015,Março,6/3/2015,Linha do Tiro
2015,Março,6/3/2015,Linha do Tiro
2015,Março,6/3/2015,Linha do Tiro
2015,Março,6/3/2015,Linha do Tiro
2015,Março,6/3/2015,Linha do Tiro
2015,Março,6/3/2015,Linha do Tiro
2015,Março,6/3/2015,Linha do Tiro
2015,Março,6/3/2015,Linha do Tiro
2015,Março,6/3/2015,Linha do Tiro
2015,Março,6/3/2015,Linha do Tiro
2015,Março,6/3/2015,Linha do Tiro
2015,Março,6/3/2015,Linha do Tiro
2015,Março,6/3/2015,Linha do Tiro
2015,Março,6/3/2015,Linha do Tiro
2015,Março,6/3/2015,Linha do Tiro
2015,Março,6/3/2015,Linha do Tiro
2015,Março,6/3/2015,Linha do Tiro
2015,Março,6/3/2015,Linha do Tiro
2015,Março,6/3/2015,Linha do Tiro
2015,Março,6/3/2015,Linha do Tiro
2015,Março,6/3/2015,Linha do Tiro
2015,Março,6/3/2015,Linha do Tiro
2015,Março,6/3/2015,Linha do Tiro
2015,Março,6/3/2015,Linha do Tiro
2015,Março,6/3/2015,Linha do Tiro
2015,Março,6/3/2015,Linha do Tiro
2015,Março,6/3/2015,Linha do Tiro
2015,Março,6/3/2015,Linha do Tiro
2015,Março,6/3/2015,Linha do Tiro
2015,Março,6/3/2015,Linha do Tiro
2015,Março,6/3/2015,Linha do Tiro
2015,Março,6/3/2015,Linha do Tiro
2015,Março,6/3/2015,Linha do Tiro
2015,Março,6/3/2015,Linha do Tiro
2015,Março,6/3/2015,Linha do Tiro
2015,Março,6/3/2015,Linha do Tiro
2015,Março,6/3/2015,Linha do Tiro
2015,Março,6/3/2015,Linha do Tiro
2015,Março,6/3/2015,Linha do Tiro
2015,Março,6/3/2015,Linha do Tiro
2015,Março,6/3/2015,Linha do Tiro
2015,Março,6/3/2015,Linha do Tiro
2015,Março,6/3/2015,Linha do Tiro
2015,Março,6/3/2015,Linha do Tiro
2015,Março,6/3/2015,Linha do Tiro
2015,Março,6/3/2015,Linha do Tiro
2015,Março,6/3/2015,Linha do Tiro
2015,Março,6/3/2015,Linha do Tiro
2015,Março,6/3/2015,Linha do Tiro
2015,Março,6/3/2015,Linha do Tiro
2015,Março,6/3/2015,Linha do Tiro
2015,Março,6/3/2015,Linha do Tiro
2015,Março,6/3/2015,Linha do Tiro
2015,Março,6/3/2015,Linha do Tiro
2015,Março,6/3/2015,Linha do Tiro
2015,Março,6/3/2015,Linha do Tiro
2015,Março,6/3/2015,Linha do Tiro
2015,Março,6/3/2015,Linha do Tiro
2015,Março,6/3/2015,Linha do Tiro
2015,Março,6/3/2015,Linha do Tiro
2015,Março,6/3/2015,Linha do Tiro
2015,Março,6/3/2015,Linha do Tiro
2015,Março,6/3/2015,Linha do Tiro
2015,Março,6/3/2015,Caxangá
2015,Março,6/3/2015,Linha do Tiro
2015,Março,6/3/2015,Linha do Tiro
2015,Março,6/3/2015,Linha do Tiro
2015,Março,6/3/2015,Linha do Tiro
2015,Março,6/3/2015,Linha do Tiro
2015,Março,6/3/2015,Linha do Tiro
2015,Março,6/3/2015,Linha do Tiro
2015,Março,6/3/2015,Linha do Tiro
2015,Março,6/3/2015,Linha do Tiro
2015,Março,6/3/2015,Linha do Tiro
2015,Março,6/3/2015,Linha do Tiro
2015,Março,6/3/2015,Linha do Tiro
2015,Março,6/3/2015,Linha do Tiro
2015,Março,6/3/2015,Linha do Tiro
2015,Março,6/3/2015,Linha do Tiro
2015,Março,6/3/2015,Linha do Tiro
2015,Março,6/3/2015,Linha do Tiro
2015,Março,6/3/2015,Linha do Tiro
2015,Março,6/3/2015,Linha do Tiro
2015,Março,6/3/2015,Linha do Tiro
2015,Março,6/3/2015,Linha do Tiro
2015,Março,6/3/2015,Linha do Tiro
2015,Março,6/3/2015,Linha do Tiro
2015,Março,6/3/2015,Dois Unidos
2015,Março,6/3/2015,Linha do Tiro
2015,Março,6/3/2015,Linha do Tiro
2015,Março,6/3/2015,Dois Unidos
2015,Março,6/3/2015,Linha do Tiro
2015,Março,6/3/2015,Linha do Tiro
2015,Março,6/3/2015,Linha do Tiro
2015,Março,6/3/2015,Linha do Tiro
2015,Março,6/3/2015,Linha do Tiro
2015,Março,6/3/2015,Linha do Tiro
2015,Março,6/3/2015,Linha do Tiro
2015,Março,6/3/2015,Linha do Tiro
2015,Março,6/3/2015,Linha do Tiro
2015,Março,6/3/2015,Linha do Tiro
2015,Março,6/3/2015,Linha do Tiro
2015,Março,6/3/2015,Linha do Tiro
2015,Março,6/3/2015,Linha do Tiro
2015,Março,6/3/2015,Brejo de Beberibe
2015,Março,7/3/2015,Linha do Tiro
2015,Março,7/3/2015,Linha do Tiro
2015,Março,7/3/2015,Linha do Tiro
2015,Março,7/3/2015,Linha do Tiro
2015,Março,7/3/2015,Linha do Tiro
2015,Março,7/3/2015,Linha do Tiro
2015,Março,7/3/2015,Linha do Tiro
2015,Março,7/3/2015,Linha do Tiro
2015,Março,7/3/2015,Linha do Tiro
2015,Março,7/3/2015,Linha do Tiro
2015,Março,7/3/2015,Linha do Tiro
2015,Março,7/3/2015,Linha do Tiro
2015,Março,7/3/2015,Linha do Tiro
2015,Março,7/3/2015,Linha do Tiro
2015,Março,7/3/2015,Linha do Tiro
2015,Março,7/3/2015,Linha do Tiro
2015,Março,7/3/2015,Linha do Tiro
2015,Março,7/3/2015,Linha do Tiro
2015,Março,7/3/2015,Linha do Tiro
2015,Março,7/3/2015,Linha do Tiro
2015,Março,7/3/2015,Linha do Tiro
2015,Março,7/3/2015,Linha do Tiro
2015,Março,7/3/2015,Linha do Tiro
2015,Março,7/3/2015,Linha do Tiro
2015,Março,7/3/2015,Linha do Tiro
2015,Março,7/3/2015,Linha do Tiro
2015,Março,7/3/2015,Linha do Tiro
2015,Março,7/3/2015,Linha do Tiro
2015,Março,7/3/2015,Linha do Tiro
2015,Março,7/3/2015,Linha do Tiro
2015,Março,7/3/2015,Linha do Tiro
2015,Março,7/3/2015,Linha do Tiro
2015,Março,7/3/2015,Linha do Tiro
2015,Março,7/3/2015,Linha do Tiro
2015,Março,7/3/2015,Linha do Tiro
2015,Março,7/3/2015,Linha do Tiro
2015,Março,7/3/2015,Linha do Tiro
2015,Março,7/3/2015,Linha do Tiro
2015,Março,7/3/2015,Linha do Tiro
2015,Março,7/3/2015,Linha do Tiro
2015,Março,7/3/2015,Linha do Tiro
2015,Março,7/3/2015,Linha do Tiro
2015,Março,7/3/2015,Linha do Tiro
2015,Março,7/3/2015,Linha do Tiro
2015,Março,7/3/2015,Linha do Tiro
2015,Março,7/3/2015,Linha do Tiro
2015,Março,7/3/2015,Linha do Tiro
2015,Março,7/3/2015,Linha do Tiro
2015,Março,7/3/2015,Linha do Tiro
2015,Março,7/3/2015,Linha do Tiro
2015,Março,7/3/2015,Linha do Tiro
2015,Março,7/3/2015,Linha do Tiro
2015,Março,7/3/2015,Linha do Tiro
2015,Março,7/3/2015,Linha do Tiro
2015,Março,7/3/2015,Linha do Tiro
2015,Março,7/3/2015,Linha do Tiro
2015,Março,7/3/2015,Linha do Tiro
2015,Março,7/3/2015,Linha do Tiro
2015,Março,7/3/2015,Linha do Tiro
2015,Março,7/3/2015,Linha do Tiro
2015,Março,7/3/2015,Linha do Tiro
2015,Março,7/3/2015,Linha do Tiro
2015,Março,7/3/2015,Linha do Tiro
2015,Março,7/3/2015,Linha do Tiro
2015,Março,7/3/2015,Linha do Tiro
2015,Março,7/3/2015,Linha do Tiro
2015,Março,7/3/2015,Linha do Tiro
2015,Março,7/3/2015,Linha do Tiro
2015,Março,7/3/2015,Linha do Tiro
2015,Março,7/3/2015,Linha do Tiro
2015,Março,7/3/2015,Linha do Tiro
2015,Março,7/3/2015,Linha do Tiro
2015,Março,7/3/2015,Linha do Tiro
2015,Março,7/3/2015,Linha do Tiro
2015,Março,7/3/2015,Linha do Tiro
2015,Março,7/3/2015,Linha do Tiro
2015,Março,7/3/2015,Linha do Tiro
2015,Março,7/3/2015,Linha do Tiro
2015,Março,7/3/2015,Linha do Tiro
2015,Março,7/3/2015,Linha do Tiro
2015,Março,7/3/2015,Linha do Tiro
2015,Março,7/3/2015,Linha do Tiro
2015,Março,7/3/2015,Linha do Tiro
2015,Março,7/3/2015,Linha do Tiro
2015,Março,7/3/2015,Linha do Tiro
2015,Março,7/3/2015,Linha do Tiro
2015,Março,7/3/2015,Linha do Tiro
2015,Março,7/3/2015,Linha do Tiro
2015,Março,7/3/2015,Linha do Tiro
2015,Março,7/3/2015,Linha do Tiro
2015,Março,7/3/2015,Linha do Tiro
2015,Março,7/3/2015,Linha do Tiro
2015,Março,7/3/2015,Linha do Tiro
2015,Março,7/3/2015,Linha do Tiro
2015,Março,7/3/2015,Linha do Tiro
2015,Março,7/3/2015,Linha do Tiro
2015,Março,7/3/2015,Linha do Tiro
2015,Março,7/3/2015,Linha do Tiro
2015,Março,7/3/2015,Linha do Tiro
2015,Março,7/3/2015,Linha do Tiro
2015,Março,7/3/2015,Linha do Tiro
2015,Março,7/3/2015,Linha do Tiro
2015,Março,7/3/2015,Linha do Tiro
2015,Março,26/3/2015,Cohab
2015,Junho,25/6/2015,Cajueiro
2015,Junho,29/6/2015,Totó
2015,Junho,29/6/2015,Casa Amarela
2015,Junho,29/6/2015,Barro
2015,Junho,29/6/2015,Caxangá
2015,Junho,29/6/2015,Areias
2015,Junho,29/6/2015,Ibura de Baixo
2015,Junho,29/6/2015,Curado
2015,Junho,29/6/2015,Coqueiral
2015,Junho,29/6/2015,Curado
2015,Junho,29/6/2015,Caxangá
2015,Junho,29/6/2015,Jd. São Paulo
2015,Junho,29/6/2015,Jd. São Paulo
2015,Junho,29/6/2015,Jd. São Paulo
2015,Junho,29/6/2015,Jd. São Paulo
2015,Junho,29/6/2015,Jd. São Paulo
2015,Junho,29/6/2015,Jd. São Paulo
2015,Junho,29/6/2015,Jd. São Paulo
2015,Junho,29/6/2015,Jd. São Paulo
2015,Junho,29/6/2015,Areias
2015,Junho,29/6/2015,Casa Forte
2015,Junho,29/6/2015,Jiquiá
2015,Junho,29/6/2015,Caxangá
2015,Junho,29/6/2015,Ibura
2015,Julho,4/7/2015,Brejo de Beberibe
2015,Julho,4/7/2015,Iputinga
2015,Julho,4/7/2015,Jd. São Paulo
2015,Julho,4/7/2015,Areias
2015,Julho,4/7/2015,Areias
2015,Julho,4/7/2015,Areias
2015,Julho,4/7/2015,Areias
2015,Julho,4/7/2015,Jiquiá
2015,Julho,4/7/2015,Areias
2015,Julho,4/7/2015,Areias
2015,Julho,4/7/2015,Areias
2015,Julho,4/7/2015,Areias
2015,Julho,4/7/2015,Areias
2015,Julho,4/7/2015,Linha do Tiro
2015,Julho,4/7/2015,Areias
2015,Julho,4/7/2015,Linha do Tiro
2015,Julho,4/7/2015,Areias
2015,Julho,4/7/2015,Areias
2015,Julho,4/7/2015,Areias
2015,Julho,4/7/2015,Areias
2015,Julho,5/7/2015,Passarinho
2015,Julho,5/7/2015,Várzea
2015,Julho,6/7/2015,Várzea
2015,Julho,6/7/2015,Passarinho
2015,Julho,6/7/2015,Caxangá
2015,Julho,9/7/2015,Areias
2015,Julho,9/7/2015,Areias
2015,Julho,9/7/2015,Areias
2015,Julho,9/7/2015,Areias
2015,Julho,9/7/2015,Areias
2015,Julho,9/7/2015,Areias
2015,Julho,9/7/2015,Areias
2015,Julho,9/7/2015,Areias
2015,Julho,9/7/2015,Areias
2015,Julho,9/7/2015,Areias
2015,Julho,9/7/2015,Areias
2015,Julho,9/7/2015,Areias
2015,Julho,9/7/2015,Areias
2015,Julho,9/7/2015,Areias
2015,Julho,9/7/2015,Areias
2015,Julho,9/7/2015,Areias
2015,Julho,9/7/2015,Areias
2015,Julho,9/7/2015,Areias
2015,Novembro,11/11/2015,Areias
2015,Novembro,11/11/2015,Areias
2015,Novembro,11/11/2015,Areias
2015,Novembro,11/11/2015,Areias
2015,Novembro,24/11/2015,Areias
2015,Novembro,24/11/2015,Areias
2015,Dezembro,28/12/2015,Cordeiro
2016,Janeiro,11/1/2016,Várzea
2016,Março,24/3/2016,Campina do Barreto
2016,Março,24/3/2016,Cacote
2016,Abril,17/4/2016,Beberibe
2016,Abril,17/4/2016,Caxangá
2016,Abril,17/4/2016,Dois Unidos
2016,Abril,17/4/2016,Linha do Tiro
2016,Abril,16/4/2016,Jd. São Paulo
2016,Abril,16/4/2016,Caxangá
2016,Abril,16/4/2016,Jd. São Paulo
2016,Abril,16/4/2016,Jd. São Paulo
2016,Abril,16/4/2016,Linha do Tiro
2016,Abril,16/4/2016,Caxangá
2016,Abril,16/4/2016,Cajueiro
2016,Abril,16/4/2016,Cordeiro
2016,Abril,16/4/2016,Caxangá
2016,Abril,16/4/2016,Campina do Barreto
2016,Abril,16/4/2016,Beberibe
2016,Abril,16/4/2016,Beberibe
2016,Abril,17/4/2016,Caxangá
2016,Abril,17/4/2016,Beberibe
2016,Abril,16/4/2016,Linha do Tiro
2016,Abril,16/4/2016,Linha do Tiro
2016,Abril,16/4/2016,Linha do Tiro
2016,Abril,16/4/2016,Linha do Tiro
2016,Abril,16/4/2016,Linha do Tiro
2016,Abril,16/4/2016,Linha do Tiro
2016,Abril,16/4/2016,Linha do Tiro
2016,Abril,16/4/2016,Linha do Tiro
2016,Abril,16/4/2016,Linha do Tiro
2016,Abril,16/4/2016,Linha do Tiro
2016,Abril,16/4/2016,Linha do Tiro
2016,Abril,16/4/2016,Linha do Tiro
2016,Abril,16/4/2016,Linha do Tiro
2016,Abril,16/4/2016,Linha do Tiro
2016,Abril,16/4/2016,Linha do Tiro
2016,Abril,16/4/2016,Linha do Tiro
2016,Abril,16/4/2016,Linha do Tiro
2016,Abril,16/4/2016,Linha do Tiro
2016,Abril,16/4/2016,Linha do Tiro
2016,Abril,16/4/2016,Linha do Tiro
2016,Abril,16/4/2016,Linha do Tiro
2016,Abril,16/4/2016,Linha do Tiro
2016,Abril,16/4/2016,Linha do Tiro
2016,Abril,16/4/2016,Linha do Tiro
2016,Abril,16/4/2016,Linha do Tiro
2016,Abril,16/4/2016,Linha do Tiro
2016,Abril,16/4/2016,Linha do Tiro
2016,Abril,16/4/2016,Linha do Tiro
2016,Abril,16/4/2016,Linha do Tiro
2016,Abril,16/4/2016,Linha do Tiro
2016,Abril,16/4/2016,Linha do Tiro
2016,Abril,16/4/2016,Linha do Tiro
2016,Abril,16/4/2016,Linha do Tiro
2016,Abril,16/4/2016,Linha do Tiro
2016,Abril,16/4/2016,Linha do Tiro
2016,Abril,16/4/2016,Linha do Tiro
2016,Abril,16/4/2016,Linha do Tiro
2016,Abril,16/4/2016,Linha do Tiro
2016,Abril,16/4/2016,Linha do Tiro
2016,Abril,16/4/2016,Linha do Tiro
2016,Abril,16/4/2016,Linha do Tiro
2016,Abril,16/4/2016,Linha do Tiro
2016,Abril,16/4/2016,Linha do Tiro
2016,Abril,16/4/2016,Linha do Tiro
2016,Abril,16/4/2016,Linha do Tiro
2016,Abril,16/4/2016,Linha do Tiro
2016,Abril,16/4/2016,Linha do Tiro
2016,Abril,16/4/2016,Linha do Tiro
2016,Abril,16/4/2016,Linha do Tiro
2016,Abril,16/4/2016,Linha do Tiro
2016,Abril,16/4/2016,Linha do Tiro
2016,Abril,16/4/2016,Linha do Tiro
2016,Abril,16/4/2016,Linha do Tiro
2016,Abril,16/4/2016,Linha do Tiro
2016,Abril,16/4/2016,Linha do Tiro
2016,Abril,16/4/2016,Linha do Tiro
2016,Abril,16/4/2016,Linha do Tiro
2016,Abril,16/4/2016,Linha do Tiro
2016,Abril,16/4/2016,Linha do Tiro
2016,Abril,16/4/2016,Linha do Tiro
2016,Abril,16/4/2016,Linha do Tiro
2016,Abril,16/4/2016,Linha do Tiro
2016,Abril,16/4/2016,Linha do Tiro
2016,Abril,16/4/2016,Linha do Tiro
2016,Abril,16/4/2016,Linha do Tiro
2016,Abril,16/4/2016,Linha do Tiro
2016,Abril,16/4/2016,Linha do Tiro
2016,Abril,16/4/2016,Linha do Tiro
2016,Abril,16/4/2016,Linha do Tiro
2016,Abril,16/4/2016,Linha do Tiro
2016,Abril,16/4/2016,Linha do Tiro
2016,Abril,16/4/2016,Linha do Tiro
2016,Abril,16/4/2016,Linha do Tiro
2016,Abril,18/4/2016,Caxangá
2016,Abril,18/4/2016,Caxangá
2016,Abril,18/4/2016,Caxangá
2016,Abril,18/4/2016,Caxangá
2016,Abril,18/4/2016,Caxangá
2016,Abril,18/4/2016,Caxangá
2016,Abril,18/4/2016,Caxangá
2016,Abril,18/4/2016,Caxangá
2016,Abril,18/4/2016,Caxangá
2016,Abril,18/4/2016,Caxangá
2016,Abril,18/4/2016,Caxangá
2016,Abril,18/4/2016,Caxangá
2016,Abril,18/4/2016,Caxangá
2016,Abril,18/4/2016,Caxangá
2016,Abril,18/4/2016,Caxangá
2016,Abril,18/4/2016,Caxangá
2016,Abril,18/4/2016,Caxangá
2016,Abril,18/4/2016,Caxangá
2016,Abril,18/4/2016,Caxangá
2016,Abril,18/4/2016,Caxangá
2016,Abril,18/4/2016,Caxangá
2016,Abril,18/4/2016,Caxangá
2016,Abril,18/4/2016,Caxangá
2016,Abril,18/4/2016,Caxangá
2016,Abril,18/4/2016,Caxangá
2016,Abril,18/4/2016,Caxangá
2016,Abril,18/4/2016,Caxangá
2016,Abril,18/4/2016,Caxangá
2016,Abril,18/4/2016,Caxangá
2016,Abril,18/4/2016,Caxangá
2016,Abril,18/4/2016,Caxangá
2016,Abril,18/4/2016,Caxangá
2016,Abril,18/4/2016,Caxangá
2016,Abril,18/4/2016,Caxangá
2016,Abril,18/4/2016,Caxangá
2016,Abril,18/4/2016,Caxangá
2016,Abril,18/4/2016,Caxangá
2016,Abril,18/4/2016,Caxangá
2016,Abril,18/4/2016,Caxangá
2016,Abril,18/4/2016,Caxangá
2016,Abril,18/4/2016,Caxangá
2016,Abril,18/4/2016,Caxangá
2016,Abril,18/4/2016,Caxangá
2016,Abril,18/4/2016,Caxangá
2016,Abril,18/4/2016,Caxangá
2016,Abril,18/4/2016,Caxangá
2016,Abril,18/4/2016,Caxangá
2016,Abril,18/4/2016,Caxangá
2016,Abril,18/4/2016,Caxangá
2016,Abril,18/4/2016,Caxangá
2016,Abril,18/4/2016,Caxangá
2016,Abril,18/4/2016,Caxangá
2016,Abril,18/4/2016,Caxangá
2016,Abril,18/4/2016,Caxangá
2016,Abril,18/4/2016,Caxangá
2016,Abril,18/4/2016,Caxangá
2016,Abril,18/4/2016,Caxangá
2016,Abril,18/4/2016,Caxangá
2016,Abril,18/4/2016,Caxangá
2016,Abril,18/4/2016,Caxangá
2016,Abril,18/4/2016,Caxangá
2016,Abril,18/4/2016,Caxangá
2016,Abril,18/4/2016,Caxangá
2016,Abril,18/4/2016,Caxangá
2016,Abril,18/4/2016,Caxangá
2016,Abril,18/4/2016,Caxangá
2016,Abril,18/4/2016,Caxangá
2016,Abril,18/4/2016,Caxangá
2016,Abril,18/4/2016,Caxangá
2016,Abril,18/4/2016,Caxangá
2016,Abril,18/4/2016,Caxangá
2016,Abril,18/4/2016,Caxangá
2016,Abril,18/4/2016,Caxangá
2016,Abril,18/4/2016,Caxangá
2016,Abril,18/4/2016,Caxangá
2016,Abril,18/4/2016,Caxangá
2016,Abril,18/4/2016,Caxangá
2016,Abril,18/4/2016,Caxangá
2016,Abril,18/4/2016,Caxangá
2016,Abril,18/4/2016,Caxangá
2016,Abril,18/4/2016,Caxangá
2016,Abril,18/4/2016,Caxangá
2016,Abril,18/4/2016,Caxangá
2016,Abril,18/4/2016,Caxangá
2016,Abril,18/4/2016,Caxangá
2016,Abril,18/4/2016,Caxangá
2016,Abril,18/4/2016,Caxangá
2016,Abril,29/4/2016,Imbiribeira
2016,Junho,30/5/2016,Brejo de Beberibe
2016,Maio,6/5/2016,Campina do Barreto
2016,Maio,9/5/2016,Beberibe
2016,Maio,9/5/2016,Brejo de Beberibe
2016,Maio,9/5/2016,Brejo de Beberibe
2016,Maio,9/5/2016,Brejo de Beberibe
2016,Maio,9/5/2016,Brejo de Beberibe
2016,Maio,9/5/2016,Brejo de Beberibe
2016,Maio,9/5/2016,Linha do Tiro
2016,Maio,9/5/2016,Linha do Tiro
2016,Maio,9/5/2016,Linha do Tiro
2016,Maio,9/5/2016,Arruda
2016,Maio,9/5/2016,Brejo de Beberibe
2016,Maio,9/5/2016,Brejo de Beberibe
2016,Maio,9/5/2016,Brejo de Beberibe
2016,Maio,9/5/2016,Brejo de Beberibe
2016,Maio,9/5/2016,Brejo de Beberibe
2016,Maio,9/5/2016,Linha do Tiro
2016,Maio,9/5/2016,Linha do Tiro
2016,Maio,9/5/2016,Linha do Tiro
2016,Maio,10/5/2016,Caxangá
2016,Maio,10/5/2016,Campina do Barreto
2016,Maio,30/5/2016,Linha do Tiro
2016,Maio,30/5/2016,Totó
2016,Maio,30/5/2016,Estância
2016,Maio,30/5/2016,Linha do Tiro
2016,Maio,30/5/2016,Totó
2016,Maio,30/5/2016,Totó
2016,Maio,30/5/2016,Estância
2016,Maio,30/5/2016,Estância
2016,Maio,30/5/2016,Caxangá
2016,Maio,30/5/2016,Caxangá
2016,Maio,30/5/2016,Caxangá
2016,Junho,30/5/2016,Brejo de Beberibe
2017,Abril,5/4/2017,San Martin
2017,Abril,5/4/2017,San Martin
2017,Abril,5/4/2017,San Martin
2017,Abril,5/4/2017,San Martin
2017,Abril,11/4/2017,Linha do Tiro
2017,Abril,13/4/2017,Caxangá
2017,Abril,13/4/2017,Caxangá
2017,Maio,8/5/2017,Linha do Tiro
2017,Maio,8/5/2017,Linha do Tiro
2017,Maio,8/5/2017,Linha do Tiro
2017,Maio,8/5/2017,Linha do Tiro
2017,Maio,8/5/2017,Linha do Tiro
2017,Maio,8/5/2017,Linha do Tiro
2017,Maio,8/5/2017,Linha do Tiro
2017,Maio,31/5/2017,Várzea
2017,Maio,31/5/2017,Linha do Tiro
2017,Maio,31/5/2017,Linha do Tiro
2017,Maio,31/5/2017,Linha do Tiro
2017,Maio,31/5/2017,Linha do Tiro
2017,Maio,31/5/2017,Campina do Barreto
2017,Maio,31/5/2017,Campina do Barreto
2017,Maio,31/5/2017,Caxangá
2017,Maio,31/5/2017,Boa Viagem
2017,Maio,31/5/2017,Várzea
2017,Maio,31/5/2017,Várzea
2018,Abril,19/4/2018,Brejo de Beberibe
2018,Abril,19/4/2018,Brejo de Beberibe
2019,Janeiro,28/1/2019,Afogados
2019,Janeiro,28/1/2019,Boa Viagem
2019,Janeiro,28/1/2019,Dois Unidos
2019,Fevereiro,6/2/2019,Linha do Tiro
2019,Junho,13/6/2019,Arruda
2019,Junho,13/6/2019,Jiquiá
2019,Junho,13/6/2019,Jd. São Paulo
2019,Junho,13/6/2019,Linha do Tiro
2019,Junho,14/6/2019,Torre
2019,Junho,14/6/2019,Estância
2019,Junho,14/6/2019,Coqueiral
2019,Junho,14/6/2019,São José
2019,Junho,14/6/2019,São José
2019,Junho,14/6/2019,Ipsep
2019,Junho,14/6/2019,Jd. São Paulo
2019,Junho,14/6/2019,Jd. São Paulo
2019,Junho,14/6/2019,Coqueiral
2019,Junho,14/6/2019,Coqueiral
2019,Junho,14/6/2019,Coqueiral
2019,Julho,24/7/2019,Linha do Tiro
2019,Julho,24/7/2019,Linha do Tiro
2019,Julho,26/7/2019,Jd. São Paulo
2019,Julho,26/7/2019,Várzea
2019,Julho,26/7/2019,Várzea
